Player,Team,K Rank,wk 1,wk 2,wk 3,wk 4,wk 5,wk 6,wk 7,wk 8
Matt Bryant,ATL,9.25,10.0,9.0,8.0,11.0,11.0,6.0,10.0,9.0
Caleb Sturgis,PHI,9.142857142857142,8.0,10.0,10.0,BYE,11.0,7.0,7.0,11.0
Adam Vinatieri,IND,9.125,9.0,8.0,8.0,9.0,17.0,11.0,9.0,2.0
Justin Tucker,BAL,8.857142857142858,7.0,11.0,13.0,7.0,4.0,11.0,9.0,BYE
Dan Bailey,DAL,8.571428571428571,13.0,9.0,6.0,5.0,4.0,12.0,BYE,11.0
Josh Lambo,SD,8.5,8.0,8.0,8.0,10.0,7.0,13.0,15.0,-1.0
Dustin Hopkins,WAS,8.5,10.0,11.0,17.0,7.0,3.0,9.0,4.0,7.0
Mason Crosby,GB,7.714285714285714,9.0,2.0,10.0,BYE,11.0,10.0,6.0,6.0
Brandon McManus,DEN,7.625,3.0,12.0,4.0,9.0,10.0,6.0,9.0,8.0
Nick Novak,HOU,7.5,11.0,12.0,0.0,7.0,6.0,7.0,9.0,8.0
Wil Lutz,NO,7.285714285714286,8.0,6.0,6.0,5.0,BYE,10.0,3.0,13.0
Cairo Santos,KC,7.285714285714286,9.0,12.0,4.0,1.0,BYE,6.0,8.0,11.0
Steven Hauschka,SEA,6.857142857142857,5.0,3.0,13.0,9.0,BYE,6.0,5.0,7.0
Sebastian Janikowski,OAK,6.75,7.0,3.0,5.0,4.0,13.0,3.0,15.0,4.0
Mike Nugent,CIN,6.625,10.0,10.0,5.0,16.0,1.0,5.0,5.0,1.0
Matt Prater,DET,6.625,6.0,7.0,8.0,6.0,6.0,7.0,7.0,6.0
Stephen Gostkowski,NE,6.5,11.0,6.0,9.0,-1.0,6.0,8.0,2.0,11.0
Jason Myers,JAC,6.428571428571429,11.0,1.0,4.0,12.0,BYE,5.0,10.0,2.0
Graham Gano,CAR,6.428571428571429,7.0,14.0,3.0,4.0,1.0,5.0,BYE,11.0
Nick Folk,NYJ,6.375,8.0,13.0,3.0,5.0,7.0,3.0,5.0,7.0
Cody Parkey,CLE,6.0,OUT,OUT,6.0,8.0,1.0,8.0,5.0,8.0
Greg Zuerlein,LA,5.857142857142857,0.0,9.0,6.0,5.0,13.0,4.0,4.0,BYE
Ryan Succop,TEN,5.75,4.0,3.0,4.0,8.0,5.0,3.0,8.0,11.0
Blair Walsh,MIN,5.714285714285714,10.0,5.0,6.0,5.0,6.0,BYE,4.0,4.0
Phil Dawson,SF,5.571428571428571,4.0,9.0,3.0,5.0,3.0,10.0,5.0,BYE
Dan Carpenter,BUF,5.5,0.0,6.0,7.0,9.0,4.0,9.0,5.0,4.0
Andrew Franks,MIA,5.428571428571429,3.0,6.0,6.0,1.0,4.0,10.0,8.0,BYE
Chris Boswell,PIT,5.285714285714286,8.0,6.0,2.0,5.0,7.0,1.0,8.0,BYE
Connor Barth,CHI,5.25,2.0,0.0,5.0,4.0,10.0,10.0,3.0,8.0
Chandler Catanzaro,ARI,5.0,2.0,10.0,4.0,7.0,7.0,4.0,4.0,2.0
Robbie Gould,NYG,4.0,OUT,OUT,OUT,OUT,OUT,OUT,4.0,BYE
Roberto Aguayo,TB,4.0,7.0,0.0,1.0,1.0,7.0,BYE,9.0,3.0
 , 
Player,Team,QB Rank,wk 1,wk 2,wk 3,wk 4,wk 5,wk 6,wk 7,wk 8
Tom Brady,NE,82.0,OUT,OUT,OUT,OUT,100.4,87.00000000000001,59.00000000000001,81.6
Drew Brees,NO,78.22857142857143,107.80000000000001,53.4,86.6,41.400000000000006,BYE,112.0,85.80000000000001,60.6
Matt Ryan,ATL,75.225,77.39999999999999,93.8,59.6,117.0,54.60000000000001,73.4,52.800000000000004,73.19999999999999
Derek Carr,OAK,69.80000000000001,77.00000000000001,78.80000000000001,50.800000000000004,63.400000000000006,70.6,46.800000000000004,46.8,124.2
Kirk Cousins,WAS,65.925,61.39999999999999,75.0,65.4,43.2,51.8,63.2,70.4,97.0
Ben Roethlisberger,PIT,65.36666666666666,71.2,63.800000000000004,38.800000000000004,87.19999999999999,97.4,33.800000000000004,OUT,BYE
Aaron Rodgers,GB,64.71428571428571,60.00000000000001,45.800000000000004,66.6,BYE,60.800000000000004,62.2,78.0,79.6
Andrew Luck,IND,64.64999999999999,101.8,36.400000000000006,64.4,45.60000000000001,69.2,62.800000000000004,87.60000000000001,49.4
Josh McCown,CLE,63.7,OUT,51.4,OUT,OUT,OUT,OUT,OUT,76.0
Matthew Stafford,DET,62.4,84.4,52.800000000000004,87.8,34.8,50.0,78.8,59.4,51.2
Andy Dalton,CIN,61.87500000000001,62.20000000000001,79.60000000000001,38.800000000000004,59.6,64.60000000000001,60.800000000000004,66.6,62.800000000000004
Philip Rivers,SD,60.925,53.4,64.4,62.2,67.6,86.2,37.2,68.2,48.2
Blake Bortles,JAC,60.885714285714286,60.4,74.6,36.0,61.20000000000001,BYE,53.800000000000004,53.400000000000006,86.80000000000001
Dak Prescott,DAL,60.714285714285715,47.800000000000004,58.80000000000001,68.80000000000001,57.4,56.2,60.80000000000001,BYE,75.20000000000002
Cam Newton,CAR,58.86666666666667,52.00000000000001,98.00000000000001,33.80000000000001,44.4,OUT,75.80000000000001,BYE,49.20000000000001
Marcus Mariota,TEN,57.87499999999999,61.2,53.00000000000001,39.800000000000004,39.2,68.6,79.80000000000001,53.2,68.2
Eli Manning,NYG,57.82857142857143,53.60000000000001,67.80000000000001,65.4,49.2,39.60000000000001,90.4,38.800000000000004,BYE
Carson Palmer,ARI,57.68571428571429,59.60000000000001,77.80000000000001,35.00000000000001,53.0,OUT,48.4,59.8,70.20000000000002
Jameis Winston,TB,56.8,77.80000000000001,37.0,93.39999999999999,27.400000000000002,47.60000000000001,BYE,65.6,48.800000000000004
Russell Wilson,SEA,51.542857142857144,51.2,48.6,49.800000000000004,72.6,BYE,52.6,39.4,46.6
Joe Flacco,BAL,51.457142857142856,46.4,66.60000000000001,40.2,68.6,41.800000000000004,56.60000000000001,40.00000000000001,BYE
Nick Foles,KC,51.2,OUT,OUT,OUT,OUT,BYE,OUT,OUT,51.199999999999996
Ryan Tannehill,MIA,50.142857142857146,37.0,90.80000000000001,73.6,30.000000000000004,17.800000000000004,51.00000000000001,50.800000000000004,BYE
Alex Smith,KC,50.08571428571428,81.00000000000001,30.8,47.6,59.400000000000006,BYE,43.4,56.2,32.2
Tyrod Taylor,BUF,49.0,19.200000000000003,79.4,31.8,58.400000000000006,38.0,58.400000000000006,57.0,49.800000000000004
Shaun Hill,MIN,48.8,48.800000000000004,OUT,OUT,OUT,OUT,BYE,OUT,OUT
Sam Bradford,MIN,48.06666666666666,OUT,58.2,34.2,59.60000000000001,60.6,BYE,34.6,41.2
Case Keenum,LA,47.82857142857143,18.0,41.800000000000004,44.800000000000004,62.2,38.6,83.60000000000001,45.800000000000004,BYE
Carson Wentz,PHI,47.37142857142857,64.2,42.0,74.2,BYE,54.8,24.400000000000002,30.8,41.2
Trevor Siemian,DEN,45.0,33.800000000000004,50.6,83.60000000000001,12.600000000000001,OUT,48.2,37.2,49.00000000000001
Ryan Fitzpatrick,NYJ,44.975,48.6,83.2,24.0,43.400000000000006,53.599999999999994,32.2,23.8,51.0
Colin Kaepernick,SF,44.0,OUT,OUT,OUT,OUT,OUT,49.6,38.400000000000006,BYE
Blaine Gabbert,SF,43.04,45.4,59.4,25.200000000000003,45.2,40.0,OUT,OUT,BYE
Brock Osweiler,HOU,42.39999999999999,52.8,48.2,32.6,56.6,30.000000000000004,58.400000000000006,28.400000000000002,32.2
Cody Kessler,CLE,38.2,OUT,OUT,44.2,45.8,18.4,66.6,16.000000000000004,OUT
Jay Cutler,CHI,38.06666666666666,37.4,22.400000000000002,OUT,OUT,OUT,OUT,OUT,54.400000000000006
Paxton Lynch,DEN,37.7,OUT,OUT,OUT,38.2,37.2,OUT,OUT,OUT
Derek Anderson,CAR,31.133333333333336,OUT,OUT,0.6000000000000001,42.4,50.4,OUT,BYE,OUT
Jimmy Garoppolo,NE,29.95,58.400000000000006,64.80000000000001,OUT,OUT,-0.6000000000000001,OUT,OUT,-2.8
Kevin Hogan,CLE,18.799999999999997,OUT,OUT,OUT,OUT,OUT,OUT,36.8,0.8
Trevone Boykin,SEA,15.6,OUT,OUT,15.6,OUT,BYE,OUT,OUT,OUT
Landry Jones,PIT,14.65,OUT,OUT,OUT,0.0,-0.4,-0.2,59.2,BYE
Drew Stanton,ARI,9.9,OUT,2.2,OUT,1.4000000000000004,33.8,2.2,OUT,OUT
Matt Barkley,CHI,7.0,OUT,OUT,OUT,OUT,OUT,OUT,7.0,OUT
EJ Manuel,BUF,4.066666666666666,OUT,2.4,OUT,OUT,OUT,2.2,OUT,7.6
Matt Cassel,TEN,1.0999999999999999,OUT,-0.2,OUT,OUT,OUT,OUT,OUT,2.4
Joe Webb,CAR,0.19999999999999998,OUT,OUT,0.0,0.6000000000000001,OUT,OUT,BYE,0.0
Kellen Clemens,SD,-0.2,OUT,-0.2,OUT,OUT,OUT,OUT,OUT,OUT
 , 
Player,Team,WR Rank,wk 1,wk 2,wk 3,wk 4,wk 5,wk 6,wk 7,wk 8
A.J. Green,CIN,24.65,42.0,7.6000000000000005,15.4,40.6,10.0,17.6,39.800000000000004,24.200000000000003
Julio Jones,ATL,24.475,19.200000000000003,27.200000000000003,3.2,66.0,5.800000000000001,33.8,34.800000000000004,5.800000000000001
Corey Coleman,CLE,23.299999999999997,13.8,32.8,OUT,OUT,OUT,OUT,OUT,OUT
Mike Evans,TB,22.428571428571423,25.8,20.0,32.400000000000006,11.8,23.8,BYE,31.200000000000003,12.0
Antonio Brown,PIT,21.742857142857144,37.2,7.800000000000001,28.0,24.8,21.6,9.0,23.800000000000004,BYE
Amari Cooper,OAK,21.674999999999997,29.400000000000002,14.200000000000001,12.4,9.600000000000001,35.6,25.8,5.800000000000001,40.6
T.Y. Hilton,IND,20.725,15.8,8.200000000000001,40.800000000000004,14.4,40.2,9.8,32.6,4.0
Odell Beckham,NYG,20.25714285714286,14.600000000000001,17.2,24.200000000000003,4.6000000000000005,15.000000000000004,56.400000000000006,9.8,BYE
Brandin Cooks,NO,19.97142857142857,42.8,13.600000000000001,3.8000000000000003,6.2,BYE,41.0,17.6,14.8
Marvin Jones,DET,19.475,17.0,23.6,53.0,14.8,13.4,8.6,18.8,6.6000000000000005
Michael Crabtree,OAK,18.974999999999998,19.400000000000002,12.2,20.400000000000002,35.6,15.4,2.0,25.200000000000003,21.6
Jarvis Landry,MIA,18.057142857142857,11.8,27.400000000000002,33.2,12.200000000000001,6.000000000000001,18.2,17.6,BYE
Terrelle Pryor,CLE,17.95,13.600000000000001,6.4,44.8,14.0,11.200000000000001,27.799999999999997,3.6,22.200000000000003
Larry Fitzgerald,ARI,17.725,28.2,22.2,12.0,12.6,28.2,9.8,14.0,14.8
Stefon Diggs,MIN,17.466666666666665,20.400000000000002,42.4,8.0,9.200000000000001,OUT,BYE,3.6,21.200000000000003
Mike Wallace,BAL,17.4,26.4,20.200000000000003,7.800000000000001,11.4,12.600000000000001,19.400000000000002,24.0,BYE
Kenny Britt,LA,17.0,13.4,18.8,7.6000000000000005,16.400000000000002,15.0,39.2,8.6,BYE
Jordy Nelson,GB,16.999999999999996,12.4,20.6,32.2,BYE,13.600000000000001,13.600000000000001,1.8,24.8
Kelvin Benjamin,CAR,16.77142857142857,24.2,33.6,0.0,13.8,14.0,17.2,BYE,14.600000000000001
Willie Snead,NO,16.633333333333333,40.4,16.8,OUT,4.6000000000000005,BYE,9.4,17.400000000000002,11.200000000000001
Emmanuel Sanders,DEN,16.425,9.8,7.800000000000001,35.400000000000006,23.6,16.0,8.0,17.2,13.600000000000001
Davante Adams,GB,16.4,16.0,5.2,10.600000000000001,BYE,23.0,6.800000000000001,38.400000000000006,14.8
Demaryius Thomas,DEN,16.375,9.600000000000001,18.0,26.0,24.8,15.8,7.0,14.0,15.8
Dez Bryant,DAL,16.15,1.6,20.400000000000002,14.0,OUT,OUT,OUT,BYE,28.6
Randall Cobb,GB,16.033333333333335,13.600000000000001,8.6,6.6000000000000005,BYE,21.6,16.6,29.2,OUT
Michael Thomas,NO,15.957142857142856,11.600000000000001,11.200000000000001,20.200000000000003,14.8,BYE,21.6,26.0,12.600000000000001
Cole Beasley,DAL,15.428571428571429,13.0,15.0,14.600000000000001,14.600000000000001,16.6,23.6,BYE,10.600000000000001
Doug Baldwin,SEA,15.342857142857143,24.400000000000002,4.0,38.00000000000001,10.8,BYE,6.2,13.8,10.200000000000001
Alshon Jeffery,CHI,15.325,21.0,19.200000000000003,14.0,9.200000000000001,15.4,18.6,6.6000000000000005,18.6
Jamison Crowder,WAS,15.225000000000001,11.600000000000001,13.8,21.6,4.2,7.0,14.6,21.6,27.400000000000002
Brandon Marshall,NYJ,15.093333333333335,6.4,20.200000000000003,5.4,23.8,28.8,14.0,7.800000000000001,13.600000000000001
Travis Benjamin,SD,14.95,6.4,34.8,16.400000000000002,9.600000000000001,23.400000000000002,3.4000000000000004,10.8,14.8
Quincy Enunwa,NYJ,14.8,16.8,18.400000000000002,7.4,12.0,10.200000000000001,8.4,20.6,24.6
Tyrell Williams,SD,14.749999999999998,14.200000000000001,18.200000000000003,13.8,8.0,29.400000000000002,5.6000000000000005,28.0,0.8
Jordan Matthews,PHI,14.542857142857143,28.8,14.200000000000001,9.8,BYE,13.0,15.0,2.0,19.0
Allen Hurns,JAC,14.37142857142857,15.0,12.8,8.0,15.4,BYE,14.8,9.0,25.6
Sammie Coates,PIT,13.999999999999998,11.200000000000001,20.6,10.0,15.600000000000001,39.8,0.0,0.8,BYE
Steve Smith,BAL,13.6,3.8000000000000003,12.8,17.400000000000002,28.200000000000003,5.800000000000001,OUT,OUT,BYE
Eddie Royal,CHI,13.266666666666666,17.4,10.4,4.2,28.200000000000003,8.6,10.8,OUT,OUT
DeAndre Hopkins,HOU,13.100000000000001,16.8,28.6,11.200000000000001,0.8,17.200000000000003,14.200000000000001,7.2,8.8
Kendall Wright,TEN,13.080000000000002,OUT,OUT,OUT,2.8000000000000003,1.8,32.6,2.4000000000000004,25.8
Allen Robinson,JAC,13.028571428571427,14.4,10.8,23.4,17.0,BYE,9.8,1.8,14.0
Brian Quick,LA,12.771428571428572,4.6000000000000005,1.6,16.6,25.8,10.200000000000001,12.200000000000001,18.400000000000002,BYE
Jeremy Maclin,KC,12.428571428571429,18.400000000000002,13.600000000000001,7.0,15.600000000000001,BYE,9.8,8.0,14.6
Brandon LaFell,CIN,12.4,18.2,7.800000000000001,6.4,8.8,25.6,8.6,22.6,1.2000000000000002
Will Fuller,HOU,12.342857142857143,27.400000000000002,20.8,6.2,22.2,0.8,OUT,4.4,4.6000000000000005
Cameron Meredith,CHI,12.233333333333334,OUT,OUT,4.800000000000001,5.6000000000000005,33.2,22.6,2.4000000000000004,4.800000000000001
Terrance Williams,DAL,12.200000000000001,6.800000000000001,OUT,17.6,14.8,14.0,15.0,BYE,5.0
Tavon Austin,LA,12.028571428571427,3.0,11.2,26.800000000000004,1.6,17.0,5.200000000000001,19.4,BYE
Golden Tate,DET,11.675,8.600000000000001,2.6,6.4,0.2,9.0,39.6,18.6,8.4
Kenny Stills,MIA,11.62857142857143,3.2,13.8,15.200000000000001,20.8,0.0,2.4000000000000004,26.0,BYE
Marquise Goodwin,BUF,11.6,OUT,28.400000000000002,1.2000000000000002,2.4000000000000004,8.6,4.4,24.6,OUT
Donte Moncrief,IND,11.533333333333333,18.8,1.8,OUT,OUT,OUT,OUT,OUT,14.000000000000002
Chris Hogan,NE,11.325000000000001,18.0,11.8,0.6000000000000001,0.0,23.2,7.800000000000001,5.0,24.2
Adam Thielen,MIN,11.257142857142856,10.8,8.200000000000001,5.800000000000001,4.2,31.400000000000002,BYE,10.4,8.0
Sterling Shepard,NYG,11.257142857142856,14.6,23.400000000000002,20.6,6.0,2.8000000000000003,5.0,6.4,BYE
Rishard Matthews,TEN,11.175,5.2,8.0,6.4,16.400000000000002,12.4,20.0,7.4,13.600000000000001
Jeremy Kerley,SF,11.171428571428574,12.200000000000001,5.800000000000001,4.800000000000001,23.6,26.400000000000002,2.4000000000000004,3.0,BYE
DeSean Jackson,WAS,11.149999999999999,20.400000000000002,8.0,25.200000000000003,1.0,7.0,11.0,7.0,9.600000000000001
Mohamed Sanu,ATL,11.049999999999999,24.0,3.8000000000000003,6.2,4.4,8.6,15.4,3.2,22.8
John Brown,ARI,10.857142857142858,1.6,2.8000000000000003,14.0,28.8,2.2,10.8,OUT,15.8
DeVante Parker,MIA,10.833333333333334,OUT,21.200000000000003,16.200000000000003,4.0,14.0,5.6000000000000005,4.0,BYE
Julian Edelman,NE,10.675,16.400000000000002,15.200000000000001,10.4,3.4000000000000004,7.0,7.6,12.0,13.4
Pierre Garcon,WAS,10.650000000000002,10.200000000000001,5.0,11.8,7.800000000000001,17.200000000000003,15.4,4.4,13.4
Tyreek Hill,KC,10.485714285714286,7.8,1.4000000000000001,4.6,10.4,BYE,4.0,18.200000000000003,27.0
Victor Cruz,NYG,10.314285714285715,12.8,18.2,14.0,10.0,0.0,6.2,11.0,BYE
Marqise Lee,JAC,10.22857142857143,4.4,15.0,8.8,5.6000000000000005,BYE,12.200000000000001,21.400000000000002,4.2
Cobi Hamilton,PIT,10.2,OUT,OUT,OUT,OUT,OUT,13.2,7.2,BYE
Geronimo Allison,GB,10.2,OUT,OUT,OUT,BYE,OUT,OUT,OUT,10.2
J.J. Nelson,ARI,10.033333333333333,2.2,OUT,OUT,4.800000000000001,0.0,7.800000000000001,17.6,27.8
Michael Floyd,ARI,9.914285714285715,12.200000000000001,7.6,13.0,13.2,0.0,10.4,13.0,OUT
Anquan Boldin,DET,9.9,7.0,15.600000000000001,10.4,6.2,9.600000000000001,18.0,11.600000000000001,0.8
Robert Woods,BUF,9.314285714285715,4.0,2.0,10.200000000000001,17.8,5.2,16.0,OUT,10.0
Seth Roberts,OAK,9.125,9.8,5.0,11.4,8.4,4.4,5.800000000000001,8.4,19.8
Phillip Dorsett,IND,9.114285714285716,18.8,6.0,5.4,19.4,5.2,2.4000000000000004,OUT,6.6000000000000005
Adam Humphries,TB,8.971428571428572,8.200000000000001,13.4,20.0,0.8,4.2,BYE,4.6000000000000005,11.600000000000001
Darrius Heyward-Bey,PIT,8.72,OUT,1.4000000000000001,0.0,12.2,OUT,18.0,12.0,BYE
Taylor Gabriel,ATL,8.559999999999999,OUT,5.6000000000000005,6.6000000000000005,9.8,OUT,1.2000000000000002,OUT,19.6
Dontrelle Inman,SD,8.475000000000001,1.2000000000000002,1.4000000000000001,6.4,30.0,0.6000000000000001,2.2,11.600000000000001,14.4
Eli Rogers,PIT,8.25,17.8,1.8,6.4,OUT,OUT,7.0,OUT,BYE
Chris Conley,KC,8.171428571428573,8.6,3.0,8.8,14.0,BYE,5.2,5.800000000000001,11.8
Ted Ginn,CAR,8.0,5.0,11.200000000000001,13.4,2.8000000000000003,1.0,12.0,BYE,10.600000000000001
Andrew Hawkins,CLE,7.85,-0.2,5.6000000000000005,3.0000000000000004,5.6000000000000005,17.200000000000003,9.600000000000001,3.8000000000000003,18.2
Cordarrelle Patterson,MIN,7.685714285714285,2.8000000000000003,-0.4,1.6,8.0,15.200000000000001,BYE,19.4,7.2
Ty Montgomery,GB,7.666666666666667,0.0,0.0,-0.2,BYE,0.2,20.8,25.200000000000003,OUT
Torrey Smith,SF,7.4,2.6,17.0,7.0,0.6000000000000001,0.0,21.200000000000003,3.4000000000000004,BYE
Devin Funchess,CAR,7.333333333333333,1.8,9.8,0.0,11.200000000000001,OUT,13.600000000000001,BYE,7.6000000000000005
Nelson Agholor,PHI,7.171428571428571,17.4,8.4,4.2,BYE,6.4,6.800000000000001,2.0,5.0
Tyler Boyd,CIN,7.15,4.800000000000001,15.600000000000001,3.6,2.0,6.6000000000000005,15.8,0.6000000000000001,8.200000000000001
Danny Amendola,NE,7.025,9.600000000000001,22.0,4.6000000000000005,0.0,2.2,6.0,0.0,11.8
Jermaine Kearse,SEA,6.999999999999999,11.4,2.2,2.2,4.6000000000000005,BYE,7.0,10.200000000000001,11.4
Brandon Coleman,NO,6.666666666666667,OUT,3.0,15.600000000000001,3.4000000000000004,BYE,1.2000000000000002,8.0,8.8
Tajae Sharpe,TEN,6.5,15.200000000000001,6.6000000000000005,9.600000000000001,3.0,3.4000000000000004,0.2,11.8,2.2
Jarius Wright,MIN,6.4,OUT,OUT,OUT,OUT,6.4,BYE,OUT,OUT
Dorial Green-Beckham,PHI,6.4,2.8000000000000003,3.6,6.6000000000000005,BYE,8.6,4.6000000000000005,7.6,11.0
Russell Shepard,TB,6.3999999999999995,1.8,3.2,1.2000000000000002,OUT,0.0,BYE,21.4,10.8
Justin Hunter,BUF,6.3,OUT,OUT,OUT,OUT,6.8,12.0,5.0,1.4000000000000001
Markus Wheaton,PIT,6.066666666666666,OUT,OUT,0.4,14.0,3.8000000000000003,OUT,OUT,BYE
Robby Anderson,NYJ,6.066666666666666,OUT,OUT,6.800000000000001,2.4000000000000004,2.0,4.800000000000001,14.200000000000001,6.2
Corey Brown,CAR,6.000000000000001,2.2,3.0,11.4,15.600000000000001,2.6,6.6000000000000005,BYE,0.6000000000000001
Tyler Lockett,SEA,5.685714285714285,3.4000000000000004,19.8,0.0,2.6,BYE,5.000000000000001,2.6,6.4
Tanner McEvoy,SEA,5.68,OUT,OUT,0.0,14.4,BYE,3.4000000000000004,2.0,8.6
Quinton Patton,SF,5.342857142857143,12.0,5.0,1.6,2.6,3.2,10.4,2.6,BYE
Breshad Perriman,BAL,5.285714285714286,7.0,6.4,4.800000000000001,4.800000000000001,2.2,9.600000000000001,2.2,BYE
Walt Powell,BUF,5.279999999999999,OUT,OUT,5.6000000000000005,4.4,0.0,OUT,4.6000000000000005,11.8
Chester Rogers,IND,5.2,OUT,0.0,0.0,7.800000000000001,4.800000000000001,12.600000000000001,6.0,OUT
Brice Butler,DAL,5.028571428571428,3.2,0.0,0.0,14.200000000000001,4.0,10.0,BYE,3.8000000000000003
Ricardo Louis,CLE,4.575,0.0,0.0,8.0,5.6000000000000005,2.6,13.0,1.0,6.4
Jaelen Strong,HOU,4.366666666666666,OUT,0.0,3.0,6.2,7.800000000000001,7.2,2.0,OUT
Kamar Aiken,BAL,4.2,2.8000000000000003,0.0,1.0,1.8,0.0,12.8,11.0,BYE
Harry Douglas,TEN,4.1,4.2,OUT,4.0,OUT,OUT,OUT,OUT,OUT
Justin Hardy,ATL,4.085714285714285,0.0,7.6,11.2,0.0,OUT,6.0,1.2000000000000002,2.6
Roger Lewis,NYG,4.066666666666667,OUT,OUT,OUT,OUT,0.0,10.8,1.4000000000000001,BYE
Charone Peake,NYJ,4.000000000000001,OUT,OUT,OUT,6.0,1.2000000000000002,8.6,1.6,2.6
Paul Richardson,SEA,3.866666666666667,2.2,7.0,0.0,5.4,BYE,OUT,2.0,6.6000000000000005
Albert Wilson,KC,3.7600000000000002,0.2,2.2,OUT,10.4,BYE,5.2,0.8,OUT
Arrelious Benn,JAC,3.7142857142857144,0.0,1.8,0.0,0.2,BYE,16.200000000000003,7.800000000000001,0.0
Aldrick Robinson,ATL,3.4285714285714284,OUT,6.0,0.8,15.600000000000001,0.0,1.6,0.0,0.0
Jeff Janis,GB,3.3200000000000003,OUT,OUT,0.0,BYE,0.0,2.8000000000000003,1.8,12.0
Malcolm Mitchell,NE,3.28,6.6000000000000005,3.0,5.4,OUT,1.4000000000000001,OUT,0.0,OUT
Jordan Taylor,DEN,3.25,OUT,4.0,OUT,1.8,OUT,0.2,OUT,7.0
Jordan Norwood,DEN,3.2250000000000005,0.0,4.800000000000001,0.0,5.0,4.800000000000001,7.800000000000001,1.6,1.8
Josh Huff,PHI,3.2,0.0,-0.2,4.0,BYE,9.0,0.0,7.800000000000001,1.8
Bryan Walters,JAC,2.9333333333333336,OUT,OUT,OUT,0.0,BYE,0.0,OUT,8.8
Bennie Fowler,DEN,2.8333333333333335,OUT,OUT,2.6,0.0,2.6,10.4,1.4000000000000001,0.0
Charles Johnson,MIN,2.8307692307692305,1.0,3.0,0.0,14.0,0.4,BYE,0.0,0.0
Lucky Whitehead,DAL,2.8,0.0,0.0,0.6000000000000001,1.6,1.8,12.2,BYE,3.4000000000000004
Tommylee Lewis,NO,2.6333333333333333,OUT,-0.2,8.799999999999999,2.4000000000000004,BYE,4.800000000000001,0.0,0.0
Andre Holmes,OAK,2.575,0.0,7.2,1.6,0.0,2.6,8.2,1.0,0.0
Jalin Marshall,NYJ,2.5,0.0,9.0,3.8000000000000003,OUT,OUT,2.2,0.0,0.0
Josh Bellamy,CHI,2.2800000000000002,OUT,0.0,OUT,OUT,2.8000000000000003,1.4000000000000001,6.4,0.8
Devin Street,IND,2.0,OUT,OUT,OUT,OUT,OUT,OUT,4.0,0.0
Andre Roberts,DET,1.975,1.6,0.0,0.0,1.6,0.0,8.6,4.0,0.0
Rod Streater,SF,1.9200000000000004,OUT,2.6,3.8000000000000003,OUT,0.0,3.2,0.0,BYE
De'Anthony Thomas,KC,1.8666666666666665,OUT,OUT,OUT,OUT,BYE,2.8000000000000003,2.4000000000000004,0.4
Trevor Davis,GB,1.8,OUT,0.0,0.0,BYE,0.0,0.0,0.0,10.8
Braxton Miller,HOU,1.6666666666666667,1.2000000000000002,0.20000000000000007,OUT,OUT,2.4000000000000004,2.6,0.0,3.6
Brandon Tate,BUF,1.65,0.0,0.0,0.0,0.8,0.0,0.0,6.2,6.200000000000001
Rashad Ross,WAS,1.6,OUT,OUT,OUT,OUT,1.6,OUT,OUT,OUT
Johnny Holton,OAK,1.5666666666666667,0.0,3.6000000000000005,0.4,OUT,0.0,OUT,5.0,0.4
Brittan Golden,ARI,1.45,OUT,OUT,OUT,OUT,0.0,0.0,0.0,5.800000000000001
Rashard Higgins,CLE,1.4333333333333333,OUT,0.0,0.0,OUT,0.0,2.8000000000000003,3.8000000000000003,2.0
Leonte Carroo,MIA,1.4,2.8000000000000003,OUT,OUT,0.0,OUT,OUT,OUT,BYE
Chris Moore,BAL,1.366666666666667,2.6,1.8,0.4,1.2000000000000002,OUT,0.0,2.2,BYE
Bradley Marquez,LA,1.35,OUT,OUT,2.4000000000000004,OUT,0.4,2.6,0.0,BYE
Rashad Greene,JAC,1.28,1.8,1.4000000000000001,0.0,1.6,BYE,OUT,1.6,OUT
Dexter McCluster,SD,1.2666666666666666,OUT,OUT,1.8,2.2,0.2,3.0,-0.2,0.6000000000000001
Cecil Shorts,TB,1.2,OUT,2.4000000000000004,OUT,OUT,OUT,BYE,OUT,0.0
Ryan Grant,WAS,0.9,0.0,1.0,0.0,OUT,OUT,0.0,1.0,3.4000000000000004
Cody Latimer,DEN,0.8800000000000001,0.0,2.4000000000000004,2.0,0.0,0.0,OUT,OUT,OUT
Griff Whalen,SD,0.7999999999999999,OUT,OUT,OUT,OUT,OUT,0.0,2.4000000000000004,0.0
James Wright,CIN,0.7333333333333334,0.19999999999999996,2.0,2.0,OUT,OUT,0.2,0.0,0.0
Aaron Burbridge,SF,0.5714285714285714,0.0,0.0,0.0,1.0,0.0,0.0,3.0,BYE
Alex Erickson,CIN,0.5,0.0,4.0,0.0,0.0,0.0,0.0,0.0,0.0
Jordan Payton,CLE,0.3,OUT,OUT,OUT,OUT,OUT,0.0,OUT,0.6000000000000001
Matthew Slater,NE,0.25,OUT,0.0,OUT,0.0,1.0,OUT,OUT,0.0
Deonte Thompson,CHI,0.1142857142857143,0.0,0.0,0.0,0.0,0.0,OUT,0.8,0.0
Mike Thomas,LA,0.0,OUT,OUT,0.0,OUT,0.0,OUT,0.0,BYE
Eric Weems,ATL,0.0,0.0,0.0,0.0,0.0,0.0,0.0,0.0,0.0
Pharoh Cooper,LA,0.0,OUT,OUT,OUT,OUT,0.0,OUT,OUT,BYE
Marc Mariani,TEN,0.0,0.0,0.0,0.0,0.0,0.0,0.0,0.0,0.0
Keith Mumphery,HOU,0.0,OUT,OUT,OUT,0.0,OUT,0.0,OUT,OUT
Laquon Treadwell,MIN,0.0,OUT,OUT,OUT,0.0,OUT,BYE,OUT,OUT
Freddie Martino,TB,0.0,OUT,OUT,OUT,0.0,OUT,BYE,OUT,OUT
Maurice Harris,WAS,0.0,OUT,OUT,OUT,OUT,OUT,OUT,OUT,0.0
Demarcus Robinson,KC,0.0,OUT,0.0,OUT,0.0,BYE,OUT,0.0,0.0
Devin Hester,BAL,0.0,0.0,0.0,0.0,0.0,0.0,OUT,0.0,BYE
Tavarres King,NYG,0.0,OUT,OUT,OUT,OUT,0.0,OUT,OUT,BYE
Keshawn Martin,SF,0.0,OUT,OUT,OUT,OUT,OUT,0.0,OUT,BYE
Cody Core,CIN,0.0,OUT,OUT,OUT,OUT,0.0,OUT,OUT,OUT
Jakeem Grant,MIA,0.0,0.0,OUT,0.0,0.0,0.0,0.0,0.0,BYE
Jake Lampman,NO,0.0,OUT,OUT,OUT,OUT,BYE,0.0,OUT,OUT
Dwayne Harris,NYG,0.0,0.0,0.0,0.0,0.0,0.0,0.0,0.0,BYE
 , 
Player,Team,RB Rank,wk 1,wk 2,wk 3,wk 4,wk 5,wk 6,wk 7,wk 8
David Johnson,ARI,33.63333333333333,32.4,28.6,34.2,24.800000000000004,49.0,45.6,34.2,21.6
Ezekiel Elliott,DAL,31.4,16.4,23.400000000000002,32.0,37.400000000000006,46.2,34.800000000000004,BYE,29.6
Le'Veon Bell,PIT,29.95,OUT,OUT,OUT,35.6,30.800000000000004,23.6,29.8,BYE
DeMarco Murray,TEN,29.825,27.4,29.0,37.0,35.8,27.400000000000002,19.0,31.400000000000002,31.6
Melvin Gordon,SD,27.275,23.4,30.000000000000004,21.6,27.8,23.400000000000002,18.8,42.2,31.000000000000004
Spencer Ware,KC,26.11428571428572,45.8,21.0,16.6,19.200000000000003,BYE,38.6,32.2,9.4
LeSean McCoy,BUF,25.857142857142858,20.0,18.0,35.2,27.6,31.6,46.4,2.2,OUT
Jay Ajayi,MIA,24.46666666666667,OUT,9.0,11.600000000000001,9.200000000000001,14.4,53.400000000000006,49.2,BYE
Matt Forte,NYJ,22.874999999999996,31.000000000000004,39.8,12.8,8.600000000000001,12.000000000000002,4.4,42.8,31.6
Carlos Hyde,SF,22.833333333333332,30.6,10.4,35.0,21.8,28.8,10.4,OUT,BYE
LeGarrette Blount,NE,22.749999999999996,20.0,30.6,33.0,11.600000000000001,13.4,20.0,38.8,14.6
Devonta Freeman,ATL,22.125,8.0,18.6,47.400000000000006,18.8,30.6,10.0,20.0,23.6
Jordan Howard,CHI,22.057142857142857,OUT,6.2,18.4,26.400000000000002,38.6,14.0,4.4,46.400000000000006
Theo Riddick,DET,21.466666666666665,33.6,13.0,9.600000000000001,11.600000000000001,28.400000000000002,OUT,OUT,32.6
Lamar Miller,HOU,21.275,23.400000000000002,19.400000000000002,21.4,21.6,4.8,47.6,13.400000000000002,18.6
Tevin Coleman,ATL,21.25714285714286,23.4,20.200000000000003,35.8,6.6000000000000005,38.6,3.4000000000000004,20.8,OUT
Christine Michael,SEA,20.514285714285712,14.200000000000001,17.2,34.2,24.0,BYE,28.6,11.0,14.4
Jonathan Stewart,CAR,20.25,12.8,3.2,OUT,OUT,OUT,29.0,BYE,36.0
Isaiah Crowell,CLE,20.175,21.6,35.6,15.8,32.800000000000004,8.0,7.2,21.8,18.6
Frank Gore,IND,20.025000000000002,15.600000000000001,18.6,22.6,25.0,15.8,21.6,22.6,18.4
Todd Gurley,LA,18.88571428571429,8.4,14.000000000000002,28.0,16.400000000000002,27.6,19.400000000000002,18.4,BYE
Jeremy Hill,CIN,18.15,12.2,11.8,31.400000000000002,14.200000000000001,2.4000000000000004,8.200000000000001,44.400000000000006,20.6
Matt Jones,WAS,17.8,6.6000000000000005,19.0,15.8,33.6,11.2,33.0,5.4,OUT
Latavius Murray,OAK,17.3,20.4,26.200000000000003,13.600000000000001,4.800000000000001,OUT,OUT,24.6,14.200000000000003
Mark Ingram,NO,16.971428571428568,17.400000000000002,9.4,29.4,27.200000000000003,BYE,12.000000000000002,22.4,1.0
Giovani Bernard,CIN,16.65,6.0,29.4,8.8,8.4,19.200000000000003,18.8,23.4,19.200000000000003
Terrance West,BAL,16.37142857142857,7.6000000000000005,11.4,10.6,28.6,17.8,36.6,2.0,BYE
DeAngelo Williams,PIT,16.2,46.2,32.400000000000006,8.8,7.800000000000001,0.0,2.0,OUT,BYE
Jacquizz Rodgers,TB,16.03333333333333,OUT,5.800000000000001,4.6,5.8,25.800000000000004,BYE,32.6,21.6
Cameron Artis-Payne,CAR,14.333333333333334,OUT,OUT,11.600000000000001,2.4000000000000004,29.0,OUT,BYE,OUT
Ryan Mathews,PHI,13.885714285714286,21.4,19.0,-1.0,BYE,21.0,12.0,16.6,8.2
Darren Sproles,PHI,13.857142857142858,7.200000000000001,9.6,31.400000000000002,BYE,13.600000000000001,4.8,9.8,20.6
Duke Johnson,CLE,13.65,10.0,11.200000000000001,16.200000000000003,16.8,4.4,20.8,6.6,23.200000000000003
Chris Thompson,WAS,11.950000000000001,13.8,11.6,3.2,14.0,9.0,13.200000000000001,22.6,8.200000000000001
Doug Martin,TB,11.899999999999999,19.200000000000003,4.6000000000000005,OUT,OUT,OUT,BYE,OUT,OUT
Rashad Jennings,NYG,11.600000000000001,15.6,8.0,OUT,OUT,OUT,7.0,15.8,BYE
Devontae Booker,DEN,11.424999999999999,1.6,10.200000000000001,5.0,6.0,11.8,10.600000000000001,23.400000000000002,22.8
DuJuan Harris,SF,11.4,OUT,OUT,OUT,OUT,OUT,OUT,11.4,BYE
Terron Ward,ATL,11.4,OUT,OUT,OUT,OUT,OUT,OUT,OUT,11.400000000000002
James White,NE,11.375000000000002,8.8,5.800000000000001,2.8000000000000003,12.4,17.8,25.200000000000003,12.4,5.800000000000001
Matt Asiata,MIN,11.257142857142856,2.6,5.0,3.8,9.600000000000001,26.200000000000003,BYE,16.0,15.600000000000001
T.J. Yeldon,JAC,11.200000000000001,19.8,7.6000000000000005,5.6000000000000005,23.400000000000002,BYE,5.2,5.6000000000000005,11.2
Jeremy Langford,CHI,10.700000000000001,18.6,12.8,9.2,OUT,OUT,OUT,OUT,2.2
Fozzy Whittaker,CAR,10.37142857142857,3.4000000000000004,26.2,11.200000000000001,18.4,10.8,0.6000000000000001,BYE,2.0
Bilal Powell,NYJ,10.049999999999999,9.600000000000001,0.6000000000000001,14.200000000000001,16.0,10.200000000000001,4.4,3.6,21.8
Jerick McKinnon,MIN,9.533333333333333,1.8000000000000003,0.2,11.4,25.0,9.2,BYE,9.6,OUT
Mike Gillislee,BUF,9.424999999999999,-0.8,9.6,4.0,8.6,7.2,18.0,4.0,24.8
Damien Williams,MIA,9.033333333333333,7.6000000000000005,OUT,11.0,3.0,14.0,9.4,9.2,BYE
Jalen Richard,OAK,9.025,25.0,5.4,8.200000000000001,4.0,19.400000000000002,2.6,0.2,7.4
Derrick Henry,TEN,8.95,8.8,9.8,9.0,1.8,10.8,5.4,0.6000000000000001,25.4
C.J. Prosise,SEA,8.733333333333334,2.2,OUT,OUT,OUT,BYE,OUT,3.4000000000000004,20.6
DeAndre Washington,OAK,8.475,4.800000000000001,10.400000000000002,12.4,9.2,10.400000000000002,9.8,4.4,6.4
Rob Kelley,WAS,8.366666666666667,OUT,OUT,1.4000000000000001,0.8,3.6,11.8,9.2,23.400000000000002
Peyton Barber,TB,8.066666666666666,OUT,OUT,OUT,OUT,1.2000000000000002,BYE,22.8,0.2
Bobby Rainey,NYG,7.639999999999999,OUT,OUT,4.800000000000001,13.0,14.8,5.800000000000001,-0.2,BYE
Justin Forsett,DET,7.4799999999999995,11.200000000000001,9.200000000000001,6.4,OUT,OUT,1.0,9.600000000000001,OUT
Orleans Darkwa,NYG,7.32,OUT,0.4000000000000001,18.400000000000002,15.600000000000001,2.2,OUT,0.0,BYE
Antone Smith,TB,7.2,OUT,OUT,OUT,OUT,OUT,BYE,9.400000000000002,5.0
Chris Ivory,JAC,7.199999999999998,OUT,OUT,4.6000000000000005,5.800000000000001,BYE,13.0,10.200000000000001,2.4000000000000004
Thomas Rawls,SEA,6.6,11.600000000000001,1.5999999999999999,OUT,OUT,BYE,OUT,OUT,OUT
Juwan Thompson,DEN,6.2,OUT,OUT,OUT,OUT,OUT,OUT,OUT,6.2
Charcandrick West,KC,6.133333333333333,4.6000000000000005,12.600000000000001,2.2,OUT,BYE,3.8000000000000003,1.6,12.0
Paul Perkins,NYG,5.76,OUT,OUT,0.0,16.0,4.4,5.2,3.2,BYE
Alfred Morris,DAL,5.6571428571428575,7.0,7.4,10.2,6.800000000000001,6.6000000000000005,0.4,BYE,1.2000000000000002
Jamaal Charles,KC,5.6000000000000005,OUT,OUT,OUT,1.4000000000000001,BYE,15.4,0.0,OUT
Tim Hightower,NO,5.571428571428571,2.0,1.8,3.8000000000000003,2.2,BYE,0.0,8.8,20.400000000000002
Dwayne Washington,DET,5.55,6.2,6.2,7.0,2.8000000000000003,OUT,OUT,OUT,OUT
Shaun Draughn,SF,5.457142857142857,13.2,4.2,2.4,1.6,-0.2,0.4,16.6,BYE
Kenjon Barner,PHI,5.44,8.4,0.4,14.4,BYE,OUT,1.2000000000000002,OUT,2.8
Robert Turbin,IND,5.228571428571429,3.8,8.0,7.8,1.0,OUT,4.800000000000001,4.4,6.8
Alfred Blue,HOU,5.15,0.8,2.2,2.4000000000000004,4.6000000000000005,7.800000000000001,2.6,12.600000000000001,8.200000000000001
Wendell Smallwood,PHI,5.133333333333334,0.2,3.2,21.8,BYE,OUT,4.0,2.6,-1.0
Lance Dunbar,DAL,4.75,3.2,6.4,6.2,3.2,OUT,OUT,BYE,OUT
James Starks,GB,4.6,2.6000000000000005,3.8000000000000003,1.6,BYE,10.4,OUT,OUT,OUT
Javorius Allen,BAL,4.6,OUT,OUT,OUT,5.6,3.6,OUT,OUT,BYE
Ka'Deem Carey,CHI,4.566666666666667,0.8,1.2000000000000002,OUT,OUT,3.4,10.0,11.400000000000002,0.6000000000000001
Kenyan Drake,MIA,4.366666666666666,OUT,9.600000000000001,9.600000000000001,3.0,4.0,0.0,0.0,BYE
Jonathan Williams,BUF,4.333333333333333,OUT,OUT,0.4,OUT,OUT,4.2,OUT,8.4
Travaris Cadet,NO,3.9428571428571426,9.0,3.4000000000000004,6.4,0.0,BYE,6.0,1.4000000000000001,1.4000000000000001
Josh Ferguson,IND,3.857142857142857,4.8,7.200000000000001,6.200000000000001,6.2,2.6,0.0,OUT,0.0
Reggie Bush,BUF,3.4,-0.8,OUT,OUT,OUT,0.6000000000000001,1.2000000000000002,10.8,5.200000000000001
Alex Collins,SEA,3.0,OUT,0.0,6.200000000000001,0.2,BYE,8.2,0.4,OUT
Benny Cunningham,LA,2.933333333333333,1.6,1.8000000000000003,7.800000000000001,0.0,OUT,4.6000000000000005,1.8,BYE
Mike Davis,SF,2.8333333333333335,0.2,2.0,OUT,0.0,0.8,3.8000000000000003,10.2,BYE
Jonathan Grimes,HOU,2.55,0.0,4.2,3.8,OUT,OUT,OUT,OUT,2.2
Andre Ellington,ARI,2.25,1.6,2.2,0.0,0.8,3.8000000000000003,5.0,1.4000000000000001,3.2
Corey Grant,JAC,2.25,0.0,9.0,0.0,0.0,BYE,OUT,OUT,OUT
Daniel Lasco,NO,2.15,0.0,OUT,OUT,3.8000000000000007,BYE,1.8,OUT,3.0
Kenneth Farrow,SD,2.15,OUT,2.6,OUT,OUT,OUT,1.0,2.6,2.4000000000000004
Malcolm Brown,LA,2.05,2.6,OUT,OUT,0.0,5.6000000000000005,OUT,0.0,BYE
Ronnie Hillman,MIN,2.0,OUT,OUT,OUT,OUT,OUT,BYE,-0.8000000000000002,4.8
Lorenzo Taliaferro,BAL,2.0,OUT,OUT,OUT,OUT,OUT,OUT,2.0,BYE
D.J. Foster,NE,1.7333333333333334,OUT,1.8000000000000003,OUT,OUT,3.4000000000000004,0.0,OUT,OUT
Rex Burkhead,CIN,1.6333333333333335,OUT,0.0,0.0,OUT,0.0,3.2,6.6000000000000005,0.0
Don Jackson,GB,1.6,OUT,OUT,OUT,BYE,OUT,OUT,1.2000000000000002,2.0
Jerome Felton,BUF,1.3,OUT,OUT,0.0,1.4,1.2000000000000002,0.0,0.0,5.2
Kapri Bibbs,DEN,1.2399999999999998,1.2000000000000002,1.4000000000000001,0.0,2.8000000000000003,OUT,OUT,OUT,0.8
Stepfan Taylor,ARI,1.2,OUT,OUT,OUT,OUT,-0.4,2.8000000000000003,OUT,OUT
Kenneth Dixon,BAL,1.0666666666666667,OUT,OUT,OUT,OUT,1.0000000000000002,2.4000000000000004,-0.2,BYE
Knile Davis,NYJ,1.05,OUT,0.0,OUT,2.4000000000000004,OUT,OUT,0.2,1.6
Brandon Bolden,NE,0.95,0.8,OUT,0.0,3.0,OUT,OUT,0.0,OUT
Denard Robinson,JAC,0.8399999999999999,1.4000000000000001,2.8000000000000003,0.0,OUT,BYE,0.0,0.0,OUT
Fitzgerald Toussaint,PIT,0.76,1.2000000000000002,2.6,0.0,OUT,OUT,0.0,0.0,BYE
Tyler Ervin,HOU,0.525,1.6,0.0,0.0,0.0,0.0,0.8,1.8,0.0
Taiwan Jones,OAK,0.45,1.8000000000000003,0.0,0.0,OUT,OUT,OUT,OUT,OUT
Alan Cross,TB,0.3333333333333333,OUT,OUT,0.0,0.0,1.0,BYE,OUT,OUT
Rod Smith,DAL,0.2,OUT,0.0,0.0,OUT,0.8,OUT,BYE,0.0
Marcus Murphy,NO,0.0,0.0,OUT,OUT,OUT,BYE,OUT,OUT,OUT
Chase Reynolds,LA,0.0,0.0,OUT,OUT,OUT,OUT,0.0,0.0,BYE
Antonio Andrews,TEN,0.0,OUT,0.0,0.0,0.0,OUT,0.0,OUT,OUT
George Atkinson,CLE,0.0,OUT,0.0,0.0,0.0,0.0,0.0,OUT,0.0
Jordan Todman,IND,0.0,OUT,OUT,0.0,0.0,0.0,0.0,0.0,0.0
 , 
Player,Team,TE Rank,wk 1,wk 2,wk 3,wk 4,wk 5,wk 6,wk 7,wk 8
Greg Olsen,CAR,19.74285714285714,14.600000000000001,30.400000000000002,12.8,23.200000000000003,36.2,18.8,BYE,2.2
Rob Gronkowski,NE,19.133333333333333,OUT,OUT,0.0,2.2,21.8,38.4,24.6,27.8
Jordan Reed,WAS,16.833333333333332,12.8,14.0,11.200000000000001,26.6,10.600000000000001,OUT,OUT,25.8
Delanie Walker,TEN,14.228571428571428,8.4,22.6,OUT,6.800000000000001,19.200000000000003,4.2,22.8,15.6
Tyler Eifert,CIN,14.1,OUT,OUT,OUT,OUT,OUT,OUT,1.8,26.400000000000002
Jimmy Graham,SEA,13.485714285714284,2.2,8.4,26.0,22.6,BYE,17.8,10.600000000000001,6.800000000000001
Travis Kelce,KC,13.342857142857143,14.8,6.800000000000001,23.8,10.600000000000001,BYE,6.4,4.800000000000001,26.200000000000003
Martellus Bennett,NE,13.2,2.8000000000000003,28.8,3.2,21.8,31.4,9.600000000000001,1.0,7.0
Eric Ebron,DET,12.76,15.200000000000001,10.600000000000001,13.8,8.4,OUT,OUT,OUT,15.8
Hunter Henry,SD,12.400000000000002,4.0,OUT,15.200000000000001,18.200000000000003,20.8,22.6,3.2,2.8000000000000003
Zach Miller,CHI,12.075,2.8000000000000003,6.6000000000000005,27.6,12.2,14.600000000000001,7.2,8.0,17.6
Jace Amaro,TEN,11.8,OUT,OUT,11.8,OUT,OUT,OUT,OUT,OUT
Kyle Rudolph,MIN,11.771428571428572,13.0,12.2,20.0,17.0,3.0,BYE,11.0,6.2
Coby Fleener,NO,11.685714285714285,1.2000000000000002,5.800000000000001,27.8,3.8000000000000003,BYE,27.200000000000003,8.8,7.2
Jack Doyle,IND,10.950000000000001,19.0,7.4,13.0,1.2000000000000002,1.6,16.6,21.6,7.2
Julius Thomas,JAC,10.466666666666667,18.8,14.200000000000001,2.6,OUT,BYE,5.6000000000000005,10.0,11.600000000000001
Gary Barnidge,CLE,10.325000000000001,0.0,7.4,15.200000000000001,11.4,15.200000000000001,11.8,13.200000000000001,8.4
Vernon Davis,WAS,9.885714285714284,4.0,10.200000000000001,OUT,1.6,3.0,16.0,15.8,18.6
Cameron Brate,TB,9.657142857142857,6.0,3.2,21.200000000000003,13.4,7.6000000000000005,BYE,5.800000000000001,10.4
Dennis Pitta,BAL,9.571428571428571,7.800000000000001,20.400000000000002,8.4,3.4000000000000004,11.8,7.2,8.0,BYE
C.J. Fiedorowicz,HOU,9.225,1.2000000000000002,0.2,0.0,15.600000000000001,12.200000000000001,23.0,7.0,14.6
Jason Witten,DAL,9.142857142857142,13.200000000000001,10.200000000000001,5.0,9.4,8.6,8.4,BYE,9.2
Dwayne Allen,IND,8.733333333333333,18.6,5.0,7.0,4.0,16.0,1.8,OUT,OUT
Vance McDonald,SF,8.08,8.8,21.0,0.8,OUT,OUT,5.0,4.800000000000001,BYE
Antonio Gates,SD,8.066666666666666,4.0,9.0,OUT,OUT,12.0,3.2,7.6000000000000005,12.600000000000001
Lance Kendricks,LA,7.742857142857143,3.0,12.200000000000001,0.0,10.4,4.800000000000001,12.8,11.0,BYE
Jacob Tamme,ATL,7.5,10.200000000000001,21.0,5.6000000000000005,6.6,0.2,3.2,9.4,3.8000000000000003
Virgil Green,DEN,7.5,5.6000000000000005,9.200000000000001,OUT,OUT,OUT,4.2,OUT,11.0
Jesse James,PIT,7.114285714285715,6.2,11.8,2.0,9.0,14.6,2.6,3.6,BYE
Charles Clay,BUF,6.85,8.0,5.4,0.0,9.4,14.600000000000001,10.4,5.800000000000001,1.2000000000000002
C.J. Uzomah,CIN,6.433333333333334,11.8,1.8,6.2,9.0,8.6,1.2000000000000002,OUT,OUT
Austin Hooper,ATL,6.428571428571429,2.8000000000000003,16.8,0.0,14.4,2.8000000000000003,OUT,0.0,8.200000000000001
Clive Walford,OAK,6.171428571428572,5.0,16.0,5.4,4.6000000000000005,OUT,5.0,1.0,6.2
Austin Seferian-Jenkins,NYJ,6.066666666666666,12.0,2.8000000000000003,OUT,OUT,3.4000000000000004,OUT,OUT,OUT
Zach Ertz,PHI,6.0,11.600000000000001,OUT,OUT,BYE,7.4,4.4,2.8000000000000003,3.8000000000000003
Jordan Cameron,MIA,6.0,1.2000000000000002,15.8,1.0,OUT,OUT,OUT,OUT,BYE
Ryan Griffin,HOU,5.3500000000000005,3.4000000000000004,1.0,10.4,10.8,1.6,6.2,2.6,6.800000000000001
Erik Swoope,IND,4.92,0.0,OUT,OUT,0.0,OUT,8.4,10.200000000000001,6.0
Larry Donnell,NYG,4.880000000000001,9.0,4.800000000000001,2.2,OUT,OUT,6.800000000000001,1.6,BYE
Mychal Rivera,OAK,4.8,OUT,OUT,OUT,0.2,OUT,3.2,2.6,13.2
Garrett Celek,SF,4.633333333333334,3.0,2.4000000000000004,5.0,15.8,0.8,OUT,0.8,BYE
Marcedes Lewis,JAC,4.6,9.600000000000001,9.4,4.0,2.4000000000000004,BYE,0.0,2.2,4.6000000000000005
Xavier Grimble,PIT,4.5200000000000005,OUT,11.2,OUT,3.8000000000000003,2.6,2.2,2.8000000000000003,BYE
Will Tye,NYG,4.257142857142857,3.2,2.0,2.8000000000000003,8.6,7.4,3.0,2.8000000000000003,BYE
Levine Toilolo,ATL,4.166666666666667,OUT,4.2,OUT,0.0,0.0,19.8,1.0,0.0
Josh Hill,NO,4.133333333333333,OUT,OUT,OUT,OUT,BYE,10.600000000000001,1.2000000000000002,0.6000000000000001
Ben Koyack,JAC,4.1,OUT,0.0,OUT,OUT,BYE,OUT,OUT,8.200000000000001
MarQueis Gray,MIA,4.05,0.0,0.0,OUT,0.0,OUT,16.2,OUT,BYE
Crockett Gillmore,BAL,4.040000000000001,1.0,4.4,OUT,3.2,11.600000000000001,0.0,OUT,BYE
Brent Celek,PHI,3.9499999999999997,2.2,0.0,12.200000000000001,BYE,OUT,OUT,1.4000000000000001,OUT
Trey Burton,PHI,3.8666666666666667,OUT,15.8,3.8000000000000003,BYE,1.0,1.4000000000000001,0.0,1.2000000000000002
Richard Rodgers,GB,3.7999999999999994,4.4,5.0,7.8,BYE,1.2000000000000002,3.0,1.4000000000000001,OUT
Dion Sims,MIA,3.7599999999999993,OUT,4.2,9.200000000000001,1.8,1.2000000000000002,2.4000000000000004,OUT,BYE
Ed Dickson,CAR,3.72,OUT,0.0,4.6000000000000005,3.4000000000000004,0.0,10.600000000000001,BYE,OUT
Tyler Kroft,CIN,3.6800000000000006,OUT,7.0,OUT,OUT,5.800000000000001,3.8000000000000003,0.6000000000000001,1.2000000000000002
Jared Cook,GB,3.533333333333333,1.4000000000000001,6.2,3.0,BYE,OUT,OUT,OUT,OUT
John Phillips,DEN,3.5,OUT,OUT,7.8,OUT,0.0,6.2,OUT,0.0
Jeff Heuerman,DEN,3.1999999999999997,OUT,OUT,5.800000000000001,3.8000000000000003,0.0,OUT,OUT,OUT
Phillip Supernaw,TEN,3.1,OUT,1.4000000000000001,0.0,OUT,OUT,5.0,OUT,6.0
Darren Fells,ARI,3.05,OUT,6.2,3.0,1.4000000000000001,OUT,1.6,OUT,OUT
Nick O'Leary,BUF,2.971428571428571,0.0,0.0,5.6000000000000005,4.0,OUT,5.800000000000001,1.4000000000000001,4.0
Stephen Anderson,HOU,2.85,5.0,3.0,0.0,OUT,OUT,OUT,OUT,3.4000000000000004
Jermaine Gresham,ARI,2.6500000000000004,8.200000000000001,0.0,0.0,0.0,0.8,2.8000000000000003,3.0,6.4
Brandon Myers,TB,2.65,6.8,0.0,1.4000000000000001,OUT,2.4000000000000004,BYE,OUT,OUT
Demetrius Harris,KC,2.2857142857142856,4.0,0.0,2.8000000000000003,2.4000000000000004,BYE,2.2,2.0,2.6
Anthony Fasano,TEN,2.1999999999999997,OUT,0.2,0.0,0.0,2.0,9.0,2.0,OUT
Jerell Adams,NYG,2.1333333333333333,OUT,OUT,OUT,OUT,5.4,0.0,1.0,BYE
Luke Willson,SEA,2.0000000000000004,5.2,1.2000000000000002,1.8,0.0,BYE,1.8,OUT,OUT
Geoff Swaim,DAL,1.9333333333333333,4.2,5.800000000000001,0.0,0.0,0.0,OUT,BYE,1.6
Clay Harbor,DET,1.9000000000000001,OUT,OUT,OUT,OUT,OUT,0.6000000000000001,3.2,OUT
Justin Perillo,GB,1.7000000000000002,OUT,OUT,2.6,BYE,OUT,0.8,OUT,OUT
Luke Stocker,TB,1.6,OUT,OUT,OUT,OUT,OUT,BYE,OUT,1.6
MyCole Pruitt,MIN,1.4,OUT,OUT,OUT,1.4000000000000001,OUT,BYE,OUT,OUT
Niles Paul,WAS,1.35,OUT,3.2,0.0,0.0,OUT,OUT,2.2,OUT
Dominique Jones,MIA,1.2000000000000002,OUT,OUT,OUT,OUT,0.8,1.6,OUT,BYE
David Johnson,PIT,1.2,OUT,1.0,OUT,5.2,OUT,0.0,1.0,BYE
Neal Sterling,JAC,1.0,OUT,0.0,OUT,2.0,BYE,OUT,OUT,OUT
Seth DeValve,CLE,1.0,OUT,OUT,OUT,OUT,OUT,OUT,OUT,1.0
Rhett Ellison,MIN,1.0,0.0,OUT,3.6,0.4,OUT,BYE,0.0,OUT
Ben Braunecker,CHI,0.8,OUT,OUT,OUT,0.0,OUT,OUT,OUT,1.6
Nick Vannett,SEA,0.7,OUT,OUT,OUT,OUT,BYE,OUT,0.0,1.4000000000000001
Brandon Bostick,NYJ,0.65,OUT,0.0,OUT,OUT,1.8,OUT,0.0,0.8
Logan Paulsen,CHI,0.6,0.0,OUT,OUT,2.0,0.0,0.0,OUT,1.0
Sean McGrath,SD,0.52,OUT,0.0,2.6,OUT,0.0,0.0,OUT,0.0
Blake Bell,SF,0.5,OUT,1.2000000000000002,0.0,OUT,0.8,OUT,0.0,BYE
Ross Travis,KC,0.5,0.0,0.0,2.0,0.0,BYE,OUT,OUT,OUT
Tyler Higbee,LA,0.24000000000000005,0.4,OUT,0.0,0.0,0.0,OUT,0.8,BYE
Khari Lee,DET,0.0,OUT,OUT,OUT,0.0,OUT,OUT,OUT,OUT
Darren Waller,BAL,0.0,OUT,OUT,OUT,OUT,OUT,0.0,0.0,BYE
George Fant,SEA,0.0,OUT,OUT,OUT,OUT,BYE,OUT,0.0,0.0
James O'Shaughnessy,KC,0.0,0.0,0.0,0.0,OUT,BYE,0.0,0.0,OUT
Cory Harkey,LA,0.0,OUT,0.0,OUT,OUT,OUT,OUT,OUT,BYE
Gavin Escobar,DAL,0.0,0.0,OUT,OUT,OUT,OUT,OUT,BYE,0.0
Je'Ron Hamm,SF,0.0,OUT,OUT,OUT,OUT,0.0,OUT,OUT,BYE
Temarrick Hemingway,LA,0.0,OUT,OUT,OUT,0.0,OUT,OUT,OUT,BYE
Brandon Williams,SEA,0.0,0.0,OUT,OUT,OUT,BYE,0.0,0.0,OUT
A.J. Derby,DEN,0.0,0.0,OUT,OUT,OUT,OUT,OUT,OUT,OUT
Kellen Davis,NYJ,0.0,0.0,0.0,OUT,0.0,OUT,0.0,0.0,OUT
Hakeem Valles,ARI,0.0,OUT,OUT,OUT,OUT,0.0,OUT,OUT,OUT
Randall Telfer,CLE,0.0,OUT,OUT,OUT,0.0,OUT,OUT,OUT,0.0
 , 
